<?xml version="1.0" encoding="UTF-8" ?>
<!-- - DispatcherServlet application context for the Spring web MVC - implementation 
	of JPetStore's web tier. -->
<beans xmlns:xsi="http://www.w3.org/2001/XMLSchema-instance"
	xmlns="http://www.springframework.org/schema/beans"
	xmlns:context="http://www.springframework.org/schema/context"
	xmlns:p="http://www.springframework.org/schema/p"
	xmlns:mvc="http://www.springframework.org/schema/mvc"
	xsi:schemaLocation="http://www.springframework.org/schema/beans
          http://www.springframework.org/schema/beans/spring-beans.xsd
          http://www.springframework.org/schema/context
          http://www.springframework.org/schema/context/spring-context.xsd
          http://www.springframework.org/schema/mvc             
      http://www.springframework.org/schema/mvc/spring-mvc.xsd">

	<context:component-scan
		base-package="com.example.efootstore.controller" />

	<mvc:annotation-driven />      <!-- create RequestMappingHandlerMapping -->

	<bean id="viewResolver"
		class="org.springframework.web.servlet.view.InternalResourceViewResolver">
		<property name="viewClass"
			value="org.springframework.web.servlet.view.JstlView" />
		<property name="prefix" value="/WEB-INF/jsp/" />
		<property name="suffix" value=".jsp" />
	</bean>

	<bean id="messageSource"
		class="org.springframework.context.support.ResourceBundleMessageSource">
		<property name="basenames">
			<list>
				<value>messages.validation</value>
			</list>
		</property>
		<property name="defaultEncoding" value="UTF-8" />
	</bean>

	<bean id="multipartResolver"
		class="org.springframework.web.multipart.commons.CommonsMultipartResolver">
		<property name="maxUploadSize" value="10485760"></property>
	</bean>

	<bean id="uploadPath" class="java.lang.String">
		<constructor-arg value="../upload">
		</constructor-arg>
	</bean>

	<mvc:view-controller path="/shop/index.do"
		view-name="index" />
	<mvc:view-controller path="/shop/signonForm.do"
		view-name="SignonForm" />

	<mvc:interceptors>
		<mvc:interceptor>
			<mvc:mapping path="/shop/editAccount.do" />
			<mvc:mapping path="/shop/listOrders.do" />
			<mvc:mapping path="/shop/viewOrder.do" />
			<mvc:mapping path="/shop/newOrder.do" />
			<mvc:mapping path="/shop/addReview.do" />
			<mvc:mapping path="/shop/viewReview.do" />
			<mvc:mapping path="/sales/addSalesForm.do" />

			<mvc:mapping path="/shop/addAuction.do" />
			<mvc:mapping path="/shop/ApplyAuctionForm.do" />
			<mvc:mapping path="/shop/aucByHeader.do" />
			<mvc:mapping path="/shop/myAuction.do" />

			<mvc:mapping path="/shop/addItemToShare.do" />
			<mvc:mapping path="/shop/updateShare.do" />
			
			<mvc:mapping path="/shop/insertGB.do" />
			<mvc:mapping path="/shop/updateGB.do" />

			<mvc:mapping path="/shop/orderForm.do" />
			<mvc:mapping path="/shop/updateAuction.do" />
			<bean
				class="com.example.efootstore.controller.SignonInterceptor" />
		</mvc:interceptor>
	</mvc:interceptors>

</beans>