<!-- POM to run manager. 
     Ideally, we won't need a separate pom-manager.xml. However, since the use of two different ids and phase 
     described at http://article.gmane.org/gmane.comp.java.maven-plugins.mojo.user/1307 doesn't seem to work 
	 (the configuration element is ignored), we have to resort to using a separate file. -->
<project xmlns="http://maven.apache.org/POM/4.0.0" xmlns:xsi="http://www.w3.org/2001/XMLSchema-instance"
	xsi:schemaLocation="http://maven.apache.org/POM/4.0.0 
                             http://maven.apache.org/maven-v4_0_0.xsd">
	<modelVersion>4.0.0</modelVersion>
	<groupId>org.springframework.samples.efootstore</groupId>
	<artifactId>org.springframework.samples.efootstore.hsqldb.manager</artifactId>
	<name>org.springframework.samples.efootstore.hsqldb</name>
	<version>1.0.0-SNAPSHOT</version>

	<dependencies>
		<dependency>
			<groupId>hsqldb</groupId>
			<artifactId>hsqldb</artifactId>
			<version>1.8.0.7</version>
		</dependency>
	</dependencies>

	<build>
		<plugins>
			<plugin>
				<groupId>org.codehaus.mojo</groupId>
				<artifactId>exec-maven-plugin</artifactId>
				<executions>
					<execution>
						<goals>
							<goal>java</goal>
						</goals>
					</execution>
				</executions>
				<configuration>
					<mainClass>org.hsqldb.util.DatabaseManager</mainClass>
					<arguments>
						<argument>--url</argument>
						<argument>jdbc:hsqldb:hsql://localhost:9002</argument>
					</arguments>
					
				</configuration>
			</plugin>
		</plugins>
	</build>
</project>
